{"learner":{"attributes":{"best_iteration":"17","best_ntree_limit":"18","best_score":"0.6209539771080017","scikit_learn":"{\"use_label_encoder\": false, \"n_estimators\": 300, \"objective\": \"binary:logistic\", \"max_depth\": 6, \"max_leaves\": null, \"max_bin\": null, \"grow_policy\": null, \"learning_rate\": 0.03, \"verbosity\": null, \"booster\": null, \"tree_method\": null, \"gamma\": null, \"min_child_weight\": null, \"max_delta_step\": null, \"subsample\": 0.8, \"sampling_method\": null, \"colsample_bytree\": 0.8, \"colsample_bylevel\": null, \"colsample_bynode\": null, \"reg_alpha\": null, \"reg_lambda\": null, \"scale_pos_weight\": 2.25, \"base_score\": null, \"missing\": NaN, \"num_parallel_tree\": null, \"random_state\": 42, \"n_jobs\": null, \"monotone_constraints\": null, \"interaction_constraints\": null, \"importance_type\": null, \"gpu_id\": null, \"validate_parameters\": null, \"predictor\": null, \"enable_categorical\": false, \"feature_types\": null, \"max_cat_to_onehot\": null, \"max_cat_threshold\": null, \"eval_metric\": \"logloss\", \"early_stopping_rounds\": null, \"callbacks\": null, \"classes_\": [0, 1], \"n_classes_\": 2, \"evals_result_\": {\"validation_0\": {\"logloss\": [0.6826588213443756, 0.6912833452224731, 0.6916507184505463, 0.6924315989017487, 0.6937357485294342, 0.6742455363273621, 0.6758592426776886, 0.6780469715595245, 0.6806342601776123, 0.6832951605319977, 0.6672820448875427, 0.6519589126110077, 0.6552002280950546, 0.6585534065961838, 0.6453341394662857, 0.6489392071962357, 0.6350342780351639, 0.6209539771080017, 0.6248654872179031, 0.6287315487861633, 0.6332083493471146, 0.6372637450695038, 0.6416798233985901, 0.6466283202171326, 0.6508361101150513, 0.655937597155571, 0.6609608083963394, 0.6562239974737167]}}, \"_estimator_type\": \"classifier\"}"},"feature_names":[],"feature_types":[],"gradient_booster":{"model":{"gbtree_model_param":{"num_parallel_tree":"1","num_trees":"28","size_leaf_vector":"0"},"tree_info":[0,0,0,0,0,0,0,0,0,0,0,0,0,0,0,0,0,0,0,0,0,0,0,0,0,0,0,0],"trees":[{"base_weights":[6.3829786E-1,-1E0,1.1794872E0,6.0606062E-2,1.4754099E0],"categories":[],"categories_nodes":[],"categories_segments":[],"categories_sizes":[],"default_left":[1,0,1,0,0],"id":0,"left_children":[1,-1,3,-1,-1],"loss_changes":[6.3884344E0,0E0,1.5247049E0,0E0,0E0],"parents":[2147483647,0,0,2,2],"right_children":[2,-1,4,-1,-1],"split_conditions":[1.11929595E-1,-3E-2,2.90121E-1,1.8181818E-3,4.4262294E-2],"split_indices":[4,0,3,0,0],"split_type":[0,0,0,0,0],"sum_hessian":[4.875E0,1E0,3.875E0,1.0625E0,2.8125E0],"tree_param":{"num_deleted":"0","num_feature":"21","num_nodes":"5","size_leaf_vector":"0"}},{"base_weights":[5.149339E-1,1.1555307E0,-1.1015987E0,6.352767E-2,1.4432842E0],"categories":[],"categories_nodes":[],"categories_segments":[],"categories_sizes":[],"default_left":[1,1,0,0,0],"id":1,"left_children":[1,3,-1,-1,-1],"loss_changes":[7.613989E0,1.4397197E0,0E0,0E0,0E0],"parents":[2147483647,0,0,1,1],"right_children":[2,4,-1,-1,-1],"split_conditions":[-1.381485E-1,2.5317585E-1,-3.3047963E-2,1.9058301E-3,4.3298524E-2],"split_indices":[20,9,0,0,0],"split_type":[0,0,0,0,0],"sum_hessian":[5.123397E0,3.873566E0,1.2498308E0,1.062443E0,2.811123E0],"tree_param":{"num_deleted":"0","num_feature":"21","num_nodes":"5","size_leaf_vector":"0"}},{"base_weights":[9.20632E-1,-1.0877099E0,1.5754969E0],"categories":[],"categories_nodes":[],"categories_segments":[],"categories_sizes":[],"default_left":[1,0,0],"id":2,"left_children":[1,-1,-1],"loss_changes":[1.0580456E1,0E0,0E0],"parents":[2147483647,0,0],"right_children":[2,-1,-1],"split_conditions":[1.6685055E-1,-3.2631297E-2,4.7264908E-2],"split_indices":[6,0,0],"split_type":[0,0,0],"sum_hessian":[5.7418046E0,1.2493439E0,4.4924607E0],"tree_param":{"num_deleted":"0","num_feature":"21","num_nodes":"3","size_leaf_vector":"0"}},{"base_weights":[4.431458E-1,-1.1603494E0,1.3807135E0],"categories":[],"categories_nodes":[],"categories_segments":[],"categories_sizes":[],"default_left":[1,0,0],"id":3,"left_children":[1,-1,-1],"loss_changes":[9.566815E0,0E0,0E0],"parents":[2147483647,0,0],"right_children":[2,-1,-1],"split_conditions":[1.6685055E-1,-3.481048E-2,4.1421402E-2],"split_indices":[6,0,0],"split_type":[0,0,0],"sum_hessian":[4.297847E0,1.4980899E0,2.799757E0],"tree_param":{"num_deleted":"0","num_feature":"21","num_nodes":"3","size_leaf_vector":"0"}},{"base_weights":[7.8780365E-1,-1.0588274E0,1.4723878E0],"categories":[],"categories_nodes":[],"categories_segments":[],"categories_sizes":[],"default_left":[1,0,0],"id":4,"left_children":[1,-1,-1],"loss_changes":[9.342733E0,0E0,0E0],"parents":[2147483647,0,0],"right_children":[2,-1,-1],"split_conditions":[1.6685055E-1,-3.176482E-2,4.417163E-2],"split_indices":[6,0,0],"split_type":[0,0,0],"sum_hessian":[5.157165E0,1.2469386E0,3.9102266E0],"tree_param":{"num_deleted":"0","num_feature":"21","num_nodes":"3","size_leaf_vector":"0"}},{"base_weights":[5.55698E-1,-1.2118142E0,1.4336429E0],"categories":[],"categories_nodes":[],"categories_segments":[],"categories_sizes":[],"default_left":[1,0,0],"id":5,"left_children":[1,-1,-1],"loss_changes":[1.2030884E1,0E0,0E0],"parents":[2147483647,0,0],"right_children":[2,-1,-1],"split_conditions":[3.730127E-1,-3.6354423E-2,4.3009285E-2],"split_indices":[3,0,0],"split_type":[0,0,0],"sum_hessian":[5.633407E0,1.7433476E0,3.8900595E0],"tree_param":{"num_deleted":"0","num_feature":"21","num_nodes":"3","size_leaf_vector":"0"}},{"base_weights":[3.0967438E-1,-1.1940521E0,1.319909E0],"categories":[],"categories_nodes":[],"categories_segments":[],"categories_sizes":[],"default_left":[1,0,0],"id":6,"left_children":[1,-1,-1],"loss_changes":[9.950756E0,0E0,0E0],"parents":[2147483647,0,0],"right_children":[2,-1,-1],"split_conditions":[4.2584246E-1,-3.582156E-2,3.959727E-2],"split_indices":[6,0,0],"split_type":[0,0,0],"sum_hessian":[4.512886E0,1.7403833E0,2.7725027E0],"tree_param":{"num_deleted":"0","num_feature":"21","num_nodes":"3","size_leaf_vector":"0"}},{"base_weights":[7.2031146E-1,-1.1123819E0,1.4306628E0],"categories":[],"categories_nodes":[],"categories_segments":[],"categories_sizes":[],"default_left":[1,0,0],"id":7,"left_children":[1,-1,-1],"loss_changes":[1.0570997E1,0E0,0E0],"parents":[2147483647,0,0],"right_children":[2,-1,-1],"split_conditions":[4.2584246E-1,-3.3371456E-2,4.291988E-2],"split_indices":[6,0,0],"split_type":[0,0,0],"sum_hessian":[5.8975005E0,1.4892647E0,4.4082355E0],"tree_param":{"num_deleted":"0","num_feature":"21","num_nodes":"3","size_leaf_vector":"0"}},{"base_weights":[8.010191E-1,-1.0065149E0,1.4031584E0],"categories":[],"categories_nodes":[],"categories_segments":[],"categories_sizes":[],"default_left":[1,0,0],"id":8,"left_children":[1,-1,-1],"loss_changes":[8.612154E0,0E0,0E0],"parents":[2147483647,0,0],"right_children":[2,-1,-1],"split_conditions":[4.2584246E-1,-3.0195447E-2,4.2094752E-2],"split_indices":[6,0,0],"split_type":[0,0,0],"sum_hessian":[5.615158E0,1.2353259E0,4.3798323E0],"tree_param":{"num_deleted":"0","num_feature":"21","num_nodes":"3","size_leaf_vector":"0"}},{"base_weights":[1.9359943E-1,-1.1897947E0,1.2454925E0],"categories":[],"categories_nodes":[],"categories_segments":[],"categories_sizes":[],"default_left":[1,0,0],"id":9,"left_children":[1,-1,-1],"loss_changes":[9.766983E0,0E0,0E0],"parents":[2147483647,0,0],"right_children":[2,-1,-1],"split_conditions":[4.2584246E-1,-3.569384E-2,3.7364773E-2],"split_indices":[6,0,0],"split_type":[0,0,0],"sum_hessian":[4.693514E0,1.9706805E0,2.7228332E0],"tree_param":{"num_deleted":"0","num_feature":"21","num_nodes":"3","size_leaf_vector":"0"}},{"base_weights":[4.2268047E-1,9.1364384E-1,-9.8158705E-1,-1.3055049E-1,1.2623094E0],"categories":[],"categories_nodes":[],"categories_segments":[],"categories_sizes":[],"default_left":[1,1,0,0,0],"id":10,"left_children":[1,3,-1,-1,-1],"loss_changes":[5.544811E0,2.171989E0,0E0,0E0,0E0],"parents":[2147483647,0,0,1,1],"right_children":[2,4,-1,-1,-1],